EMP_ID,Probalitity for Attrition
2416.0,27.0
3129.0,21.0
3781.0,34.0
5566.0,23.0
5848.0,35.0
5995.0,22.0
6077.0,22.0
6264.0,38.0
6359.0,28.000000000000004
6467.0,41.0
6605.0,23.0
7005.0,21.0
7078.0,27.0
7444.0,36.0
7763.0,28.999999999999996
7863.0,22.0
7878.0,21.0
7990.0,27.0
8523.0,21.0
9782.0,37.0
10099.0,33.0
